id_cliente,ingresos_mensuales,total_creditos_solicitados,monto_total_solicitado,linea_credito_utilizada,dias_atraso_promedio,cuotas_pagadas_tarde,deuda_actual_vencida
1,3824.69,1,17144.87,0.57,0,0,0.0
2,8131.59,1,20120.35,0.53,11,1,2489.11
3,6496.65,1,7011.23,0.12,8,0,0.0
4,5499.97,7,15996.98,0.41,1,0,0.0
5,2191.24,6,14721.9,0.44,8,0,0.0
6,2191.06,7,20987.93,0.46,9,0,0.0
7,1459.18,6,22746.09,0.62,1,1,2813.94
8,7499.67,7,1291.76,0.58,8,1,159.81
9,5518.33,7,17176.48,0.65,5,0,0.0
10,6317.84,3,2244.06,0.79,10,1,277.62
11,1178.87,6,14172.61,0.83,38,5,1753.31
12,8275.08,3,7903.19,0.75,12,0,0.0
13,7247.51,5,8362.64,0.96,5,0,0.0
14,2612.23,3,9471.0,0.12,5,1,1171.67
15,2384.14,1,15911.02,0.28,12,1,1968.37
16,2395.95,4,9017.2,0.11,10,1,1115.53
17,3299.21,4,18584.78,0.68,13,1,2299.14
18,4947.55,2,10708.66,0.91,1,1,1324.78
19,4253.79,2,2640.48,0.32,7,0,0.0
20,3201.94,3,19810.24,0.93,2,0,0.0
21,5598.6,7,7858.2,0.15,6,1,972.15
22,2067.72,7,11386.41,0.94,42,2,1408.63
23,3208.78,4,17450.65,0.42,2,1,2158.84
24,3763.55,1,8978.95,0.19,0,0,0.0
25,4434.12,6,2358.06,0.54,7,1,291.72
26,6894.19,1,9974.11,0.33,2,0,0.0
27,2517.56,1,23666.77,0.36,1,0,0.0
28,4868.9,3,16401.63,0.38,0,1,2029.06
29,5453.3,3,17115.5,0.82,3,0,0.0
30,1372.22,5,16174.77,0.59,12,0,0.0
31,5566.4,1,5775.81,0.38,7,1,714.53
32,2299.67,7,11040.01,0.65,12,0,0.0
33,1511.26,7,19022.56,0.74,2,1,2353.3
34,8117.92,1,3432.95,0.35,13,0,0.0
35,8243.1,3,7668.47,0.47,0,1,948.67
36,7067.77,3,7631.66,0.21,3,1,944.12
37,3301.99,5,11368.45,0.26,8,0,0.0
38,1755.1,5,24528.85,0.71,12,1,3034.49
39,6139.64,2,2620.06,0.26,0,0,0.0
40,4315.14,4,13448.82,0.57,11,0,0.0
41,1937.24,1,5304.75,0.74,13,1,656.26
42,4726.45,7,24296.24,0.2,10,0,0.0
43,1282.05,1,3719.28,0.61,1,1,460.12
44,7822.17,5,10686.42,0.33,8,0,0.0
45,2959.38,5,18709.24,0.97,1,0,0.0
46,5977.35,2,17909.31,0.54,12,1,2215.58
47,3355.04,4,11145.49,0.83,2,0,0.0
48,4912.51,2,9316.58,0.6,6,0,0.0
49,5111.66,7,10542.7,0.14,2,0,0.0
50,2406.79,4,7342.63,0.67,8,0,0.0
51,8272.65,6,5927.99,0.96,5,0,0.0
52,6819.12,1,12592.95,0.64,2,0,0.0
53,8047.75,2,7444.81,0.84,8,0,0.0
54,7713.83,5,7899.08,0.9,0,0,0.0
55,5494.3,2,16762.15,0.31,9,1,2073.66
56,7916.01,6,24244.9,0.29,2,0,0.0
57,1686.48,2,15487.29,0.65,0,0,0.0
58,2489.97,1,2847.51,0.47,1,1,352.27
59,1363.07,6,2814.01,0.86,32,3,348.12
60,3456.84,5,23834.16,0.91,7,1,2948.55
61,3930.36,5,8134.98,0.42,6,0,0.0
62,3053.33,3,3209.61,0.31,1,1,397.06
63,7219.81,6,15377.07,0.8,1,1,1902.31
64,3691.73,3,15967.57,0.35,8,0,0.0
65,3124.99,3,16564.12,0.84,12,0,0.0
66,5081.65,1,7417.65,0.48,12,1,917.65
67,2078.41,2,1362.66,0.7,5,1,168.58
68,7021.42,5,24160.37,0.19,4,0,0.0
69,1582.27,5,7021.43,0.66,9,0,0.0
70,8401.98,2,17224.63,0.51,5,0,0.0
71,6797.53,5,17959.12,0.63,8,0,0.0
72,2510.4,2,15640.18,0.25,10,0,0.0
73,1066.28,6,8509.78,0.76,6,1,1052.75
74,7120.57,1,7506.31,0.88,14,0,0.0
75,6308.76,1,15344.04,0.3,9,0,0.0
76,6474.33,7,21786.3,0.19,9,0,0.0
77,6790.25,1,23721.61,0.12,13,0,0.0
78,1578.48,2,3541.74,0.68,8,0,0.0
79,3704.53,7,4715.89,0.65,3,1,583.41
80,1891.12,2,23673.67,0.59,1,0,0.0
81,7476.7,4,18676.85,0.31,11,1,2310.53
82,5684.15,7,22191.85,0.45,7,0,0.0
83,3498.46,5,5863.18,0.64,3,1,725.34
84,1500.1,5,15102.06,0.55,12,1,1868.29
85,3349.59,4,17827.35,0.99,8,0,0.0
86,3455.75,4,17322.69,0.22,14,0,0.0
87,6478.81,1,10795.64,0.73,14,0,0.0
88,5790.74,4,1369.48,0.46,3,0,0.0
89,7656.92,2,14990.23,0.49,14,0,0.0
90,4554.81,3,7074.44,0.75,7,1,875.19
91,1918.97,2,11806.1,0.72,8,0,0.0
92,6356.5,7,23981.94,0.99,12,0,0.0
93,6711.87,4,10576.85,0.22,8,1,1308.47
94,5220.55,5,21155.24,0.19,9,0,0.0
95,6787.98,2,5524.97,0.75,3,1,683.5
96,4716.12,5,17139.05,0.62,0,0,0.0
97,4932.43,2,24448.17,0.35,14,1,3024.51
98,4220.87,5,3445.43,0.17,2,0,0.0
99,1215.01,6,1199.68,0.18,8,1,148.41
100,1831.49,2,11405.99,0.9,39,2,1411.05
101,1259.93,7,3223.01,0.27,4,0,0.0
102,5782.17,5,18961.22,0.39,6,0,0.0
103,3374.81,3,22949.17,0.3,4,0,0.0
104,4826.57,7,11416.5,0.42,3,1,1412.35
105,7809.06,1,7209.08,0.16,14,1,891.84
106,2888.46,2,11425.68,0.57,1,1,1413.48
107,4092.61,3,18362.75,0.16,14,0,0.0
108,6672.74,1,1217.3,0.82,1,0,0.0
109,2735.27,2,15146.9,0.31,12,1,1873.84
110,1600.42,3,15719.0,0.59,12,0,0.0
111,3190.89,3,16304.52,0.89,3,1,2017.05
112,2230.13,7,6808.53,0.69,9,0,0.0
113,7974.49,6,18137.27,0.58,12,0,0.0
114,7065.7,3,3193.4,0.39,9,1,395.06
115,5759.69,6,5782.49,0.4,12,0,0.0
116,7539.17,4,22059.28,0.7,14,0,0.0
117,7032.45,7,18729.36,0.99,8,0,0.0
118,2419.61,5,1329.89,0.7,7,0,0.0
119,7696.88,7,6961.03,0.6,2,0,0.0
120,5056.58,1,6145.76,0.76,14,1,760.3
121,7060.62,5,7499.35,0.52,13,0,0.0
122,7723.28,5,6941.43,0.15,8,1,858.73
123,3402.08,6,2500.63,0.61,13,0,0.0
124,1847.64,5,12014.57,0.96,15,0,0.0
125,2728.82,3,18585.6,0.26,10,1,2299.24
126,4217.63,6,15561.56,0.72,2,1,1925.14
127,7139.66,5,17148.92,0.28,4,0,0.0
128,7458.96,6,2947.58,0.58,12,0,0.0
129,1076.97,4,23835.78,0.19,9,1,2948.75
130,4842.84,6,21123.8,0.51,12,1,2613.25
131,4145.15,2,20322.17,0.78,3,1,2514.08
132,2685.26,3,20751.61,0.41,7,1,2567.2
133,1920.99,1,23385.05,0.7,12,0,0.0
134,3548.67,2,14062.1,0.82,11,0,0.0
135,8073.25,2,5806.77,0.93,4,0,0.0
136,3440.94,2,15802.81,0.31,9,0,0.0
137,4902.96,5,18829.16,0.46,11,0,0.0
138,6280.07,6,18710.02,0.24,7,1,2314.64
139,3743.13,6,13514.78,0.99,8,1,1671.93
140,8289.07,7,2643.01,0.93,3,1,326.97
141,8219.29,5,9906.71,0.59,6,0,0.0
142,2907.07,3,23098.4,0.86,1,1,2857.53
143,4741.93,5,15026.77,0.57,5,0,0.0
144,3274.07,5,13919.97,0.66,7,0,0.0
145,3154.18,5,7452.48,0.18,11,0,0.0
146,1300.73,3,9842.77,0.78,6,1,1217.66
147,5581.49,7,22488.31,0.21,6,0,0.0
148,4782.53,3,16995.11,0.84,7,0,0.0
149,1409.8,4,19897.29,0.8,6,1,2461.52
150,3107.88,7,11904.29,0.74,4,0,0.0
151,7814.29,4,16125.93,0.13,6,1,1994.96
152,2815.73,4,6961.21,0.37,12,0,0.0
153,2108.09,4,17931.06,0.34,13,1,2218.27
154,4683.66,6,11262.43,0.42,9,0,0.0
155,8392.74,2,11621.09,0.18,2,0,0.0
156,2834.36,2,16583.74,0.94,4,1,2051.59
157,6049.21,4,23470.73,0.6,6,0,0.0
158,6718.11,4,2536.15,0.37,14,1,313.75
159,2801.34,1,20793.84,0.46,8,0,0.0
160,6468.42,2,8017.19,0.5,14,1,991.82
161,3774.18,1,11654.07,0.64,1,0,0.0
162,5751.49,7,1525.92,0.56,3,0,0.0
163,5760.63,1,8225.11,0.93,11,0,0.0
164,5029.92,5,13063.15,0.55,6,1,1616.06
165,1699.92,6,2348.23,0.99,16,1,290.5
166,7268.89,7,12786.3,0.87,12,1,1581.81
167,3422.83,3,23250.66,0.29,1,1,2876.36
168,2419.23,2,3529.44,0.94,21,1,436.63
169,1329.79,4,19346.58,0.2,12,0,0.0
170,5441.92,7,10832.11,0.84,9,0,0.0
171,6089.79,4,16724.17,0.44,6,0,0.0
172,1148.99,3,7245.68,0.89,26,0,0.0
173,4852.9,7,4827.81,0.88,9,0,0.0
174,2718.06,2,4851.1,0.83,6,1,600.13
175,5847.67,7,2691.81,0.81,5,0,0.0
176,2328.39,4,5455.52,0.37,2,1,674.91
177,6189.76,4,16941.27,0.17,9,0,0.0
178,3915.85,5,22160.57,0.46,2,1,2741.51
179,8027.06,1,20539.02,0.26,1,1,2540.9
180,2052.97,7,17443.22,0.73,10,1,2157.92
181,3574.47,4,3650.36,0.41,5,0,0.0
182,1873.21,6,7940.5,0.98,36,2,982.33
183,7937.08,2,8435.37,0.68,4,0,0.0
184,7583.11,6,6998.97,0.84,2,0,0.0
185,2953.11,3,13360.14,0.22,5,1,1652.8
186,5958.38,7,13853.29,0.88,10,1,1713.81
187,7133.74,5,9565.26,0.93,11,1,1183.33
188,5175.13,2,9490.94,0.54,2,1,1174.13
189,4984.14,5,20885.33,0.65,13,0,0.0
190,2832.85,1,19943.03,0.79,14,1,2467.17
191,1720.94,4,8387.1,0.26,13,0,0.0
192,7731.69,2,22930.92,0.55,7,1,2836.81
193,7755.62,3,23867.56,0.46,8,1,2952.68
194,5757.43,7,8841.82,0.23,3,1,1093.83
195,3559.25,1,9506.2,0.43,14,0,0.0
196,3635.34,1,13135.22,0.16,8,0,0.0
197,6451.52,5,23586.9,0.12,11,1,2917.96
198,7730.9,1,22031.67,0.22,6,1,2725.56
199,7655.97,2,3461.63,0.97,2,1,428.24
200,6854.57,5,10425.54,0.59,6,0,0.0
201,5824.19,1,14280.91,0.97,13,0,0.0
202,1653.95,7,13075.18,0.49,0,0,0.0
203,2233.17,3,5652.71,0.38,2,1,699.3
204,7741.69,7,21611.6,0.56,5,0,0.0
205,5558.06,6,17246.58,0.5,3,1,2133.59
206,1093.75,2,21109.8,0.2,6,0,0.0
207,1783.5,3,21610.34,0.68,13,1,2673.44
208,5984.68,3,18960.54,0.29,2,1,2345.63
209,1062.84,5,11541.05,0.66,0,0,0.0
210,2227.04,4,15653.12,0.69,8,1,1936.46
211,5126.79,5,4848.77,0.24,14,1,599.85
212,6196.92,2,17167.49,0.16,5,1,2123.81
213,5898.41,2,5302.08,0.8,7,0,0.0
214,2701.41,5,17654.79,0.51,2,1,2184.09
215,6348.54,4,6510.36,0.15,7,0,0.0
216,2798.44,7,3821.23,1.0,1,0,0.0
217,3457.36,5,4966.83,0.15,11,1,614.45
218,6605.02,2,1047.81,0.73,3,0,0.0
219,5881.01,4,18249.75,0.99,2,1,2257.7
220,7372.94,2,18577.63,0.32,9,0,0.0
221,5940.66,4,13358.4,0.23,0,1,1652.58
222,5273.11,4,4872.71,0.21,14,0,0.0
223,1725.22,5,3005.3,0.37,12,1,371.79
224,3773.68,5,1459.1,0.19,12,1,180.51
225,3007.39,5,4977.96,0.72,6,1,615.83
226,2848.82,4,22380.53,0.16,10,1,2768.72
227,8298.25,4,6796.88,0.56,9,0,0.0
228,3963.41,2,9502.51,1.0,1,0,0.0
229,7693.05,3,3528.29,0.83,3,1,436.49
230,5742.76,5,6336.67,0.65,8,0,0.0
231,6966.21,6,13461.39,0.38,5,1,1665.32
232,4782.21,2,15586.06,0.66,7,1,1928.17
233,5337.36,2,6888.46,0.57,1,0,0.0
234,4706.57,1,2385.57,0.48,6,0,0.0
235,2484.44,5,10384.79,0.22,5,1,1284.71
236,6425.33,7,6620.88,0.9,12,0,0.0
237,3123.77,2,6269.29,0.5,13,1,775.58
238,1206.76,1,24036.71,0.28,8,0,0.0
239,5849.91,6,15791.21,0.43,6,0,0.0
240,2348.9,6,14365.08,0.47,0,0,0.0
241,8054.93,7,10978.6,0.84,13,0,0.0
242,8155.62,5,11294.66,0.76,7,0,0.0
243,7863.61,4,13981.72,0.79,10,1,1729.69
244,3791.94,1,17714.32,0.11,9,0,0.0
245,1140.54,4,17851.51,0.47,14,0,0.0
246,7964.18,6,5120.65,0.53,2,1,633.48
247,4225.68,6,13002.71,0.12,13,1,1608.58
248,8250.74,3,10886.99,0.33,1,1,1346.84
249,8228.06,3,21892.65,0.78,11,0,0.0
250,7401.25,7,16154.05,0.22,2,0,0.0
251,3226.01,3,13780.1,0.58,10,1,1704.75
252,3903.61,3,3769.47,0.29,5,1,466.33
253,7387.25,7,15535.31,0.11,12,1,1921.89
254,3393.99,2,3812.89,0.32,13,1,471.7
255,2291.96,3,9092.96,0.98,16,0,0.0
256,5187.09,2,4428.21,0.82,9,0,0.0
257,8022.76,2,17609.77,0.96,4,0,0.0
258,6227.82,5,5950.05,0.54,5,0,0.0
259,5286.21,2,10404.62,0.2,7,0,0.0
260,1751.39,2,22496.19,0.59,6,1,2783.03
261,5622.18,3,5903.59,0.51,13,0,0.0
262,8425.65,2,13187.32,0.86,10,1,1631.42
263,2072.13,4,11062.52,0.19,7,1,1368.56
264,4899.51,7,1434.98,0.54,2,1,177.52
265,7583.36,3,20026.19,0.24,3,0,0.0
266,6562.25,7,2657.1,0.39,5,1,328.71
267,6235.19,1,12382.12,0.76,10,0,0.0
268,6276.07,3,14456.28,0.53,6,1,1788.4
269,3712.2,2,16082.23,0.44,8,0,0.0
270,3219.6,4,17527.16,0.46,12,1,2168.3
271,7074.97,7,7078.54,0.51,0,0,0.0
272,7080.6,3,1239.49,0.81,12,1,153.34
273,7506.37,4,18362.65,0.9,14,1,2271.66
274,7851.47,7,13855.76,0.96,7,1,1714.11
275,4847.28,1,21066.82,0.81,7,1,2606.2
276,4773.83,6,20713.32,0.38,5,0,0.0
277,6992.26,1,21239.83,0.72,3,0,0.0
278,5883.48,6,12642.27,0.49,2,0,0.0
279,6272.2,5,9007.08,0.33,10,1,1114.28
280,6973.55,6,19997.4,0.86,2,1,2473.9
281,7677.79,5,11831.06,0.13,5,1,1463.63
282,3551.51,3,5402.61,0.91,12,1,668.36
283,3832.48,5,21519.38,0.52,7,1,2662.19
284,1727.52,4,22181.44,0.67,6,1,2744.09
285,5347.64,5,12191.43,0.69,10,0,0.0
286,1293.67,4,2816.79,0.91,41,4,348.47
287,4505.35,7,10307.83,0.67,10,0,0.0
288,5081.27,7,20284.9,0.65,5,0,0.0
289,3166.9,6,22642.58,0.16,6,0,0.0
290,5441.48,6,5883.35,0.57,11,0,0.0
291,1252.99,6,2607.37,0.24,6,0,0.0
292,1304.18,5,22056.41,0.76,8,0,0.0
293,7173.94,6,10345.72,0.56,10,1,1279.88
294,3717.43,5,14002.26,0.71,10,1,1732.23
295,1974.78,5,24233.58,0.14,9,1,2997.96
296,4928.77,2,2597.55,0.18,4,1,321.35
297,6780.7,2,16559.63,0.74,0,1,2048.61
298,2638.26,5,2778.53,0.16,1,1,343.73
299,5681.11,7,10011.25,0.16,14,1,1238.5
300,1662.97,4,20291.55,0.11,3,0,0.0
301,1411.32,3,11403.33,0.96,44,4,1410.72
302,4996.88,1,24932.38,0.76,8,1,3084.41
303,5066.25,2,14417.42,0.42,10,0,0.0
304,5789.79,5,8707.89,0.37,14,0,0.0
305,6452.53,1,6282.67,0.41,0,0,0.0
306,8319.49,2,9412.49,0.8,2,0,0.0
307,4884.35,3,9940.8,0.7,4,0,0.0
308,3439.1,4,2649.13,0.27,2,1,327.73
309,6969.02,5,9869.78,0.26,3,0,0.0
310,3049.47,3,12141.72,0.19,14,1,1502.07
311,4306.31,7,18345.71,0.69,13,1,2269.57
312,1611.46,2,16761.51,0.79,2,1,2073.58
313,1214.5,5,18010.38,0.34,3,0,0.0
314,8220.8,1,1200.73,0.12,13,1,148.54
315,7273.95,7,6224.02,0.17,14,1,769.98
316,6227.41,7,16880.42,0.97,12,1,2088.3
317,4081.92,6,12615.74,0.37,12,1,1560.71
318,2320.38,4,1127.52,0.79,14,0,0.0
319,2194.37,7,20307.87,0.66,14,1,2512.31
320,2895.57,2,19547.43,0.44,0,1,2418.23
321,5130.47,4,14162.06,0.29,11,1,1752.0
322,6366.6,5,2595.12,0.21,7,1,321.05
323,5959.98,6,19396.36,0.65,3,0,0.0
324,3117.51,3,15009.13,0.8,6,1,1856.8
325,8162.62,4,19767.04,0.68,1,1,2445.4
326,6540.78,1,19041.93,0.58,1,1,2355.7
327,5168.8,2,20272.05,0.14,5,1,2507.88
328,5597.61,1,13432.19,0.97,13,1,1661.71
329,4161.51,4,4367.79,0.82,1,1,540.34
330,2876.79,6,17107.78,0.36,14,0,0.0
331,3685.9,3,15891.37,0.98,14,1,1965.94
332,6689.9,3,18814.08,0.64,5,0,0.0
333,1132.59,1,5077.14,0.62,10,0,0.0
334,1892.64,5,5679.4,0.77,14,1,702.6
335,1368.87,5,22369.83,0.83,15,0,0.0
336,1329.45,6,18999.47,0.69,3,1,2350.45
337,7419.57,3,22797.48,0.22,6,0,0.0
338,6284.84,1,19209.17,0.4,7,1,2376.39
339,4569.45,1,15331.73,0.94,14,0,0.0
340,1756.31,1,16699.19,0.3,2,0,0.0
341,4699.83,4,22339.07,0.43,13,1,2763.59
342,4564.2,6,14891.36,0.49,14,0,0.0
343,2319.68,5,16177.39,0.5,12,0,0.0
344,4268.04,5,4755.44,0.65,8,0,0.0
345,4003.82,4,12374.11,0.95,1,0,0.0
346,5628.48,2,18193.53,0.32,7,0,0.0
347,5772.33,4,7502.62,0.21,7,1,928.16
348,1363.65,6,5854.1,0.28,12,0,0.0
349,3825.23,1,8531.84,0.9,13,0,0.0
350,5703.3,4,6796.02,0.68,3,1,840.74
351,4785.94,1,6157.9,0.36,0,1,761.8
352,7427.26,6,11196.42,0.83,12,1,1385.12
353,5948.73,7,22788.12,0.88,0,0,0.0
354,2242.93,6,13169.43,0.86,31,2,1629.2
355,1552.5,3,5510.09,0.93,30,0,0.0
356,5827.08,1,2847.32,0.33,14,0,0.0
357,1223.17,5,17707.75,0.78,11,1,2190.65
358,5403.67,4,10187.17,0.51,13,1,1260.27
359,8053.22,7,20723.94,0.86,8,0,0.0
360,5326.67,6,16828.26,0.76,12,0,0.0
361,3926.57,1,20109.79,0.8,1,0,0.0
362,5833.58,7,7526.7,0.69,1,0,0.0
363,4450.44,2,17616.61,0.26,5,1,2179.37
364,5103.49,3,7337.49,0.59,6,1,907.73
365,8062.45,2,23537.64,0.99,12,0,0.0
366,3911.12,6,16272.98,0.94,6,1,2013.15
367,8209.9,2,8788.28,0.14,14,0,0.0
368,7792.5,2,7468.28,0.25,12,0,0.0
369,2488.54,3,5582.24,0.22,8,1,690.58
370,1543.48,3,17671.38,0.75,5,0,0.0
371,1778.32,3,6249.17,0.84,45,4,773.09
372,1161.21,7,15287.28,0.29,7,0,0.0
373,1730.96,3,7351.24,0.56,10,1,909.43
374,6130.48,2,16887.25,0.86,5,0,0.0
375,1557.14,5,20558.55,0.76,1,1,2543.32
376,3409.34,5,19672.61,0.59,0,0,0.0
377,7340.44,3,19260.43,0.63,4,0,0.0
378,1198.96,7,5505.34,0.56,13,1,681.07
379,7113.15,4,3121.24,0.37,8,0,0.0
380,3131.86,1,17774.77,0.61,7,1,2198.94
381,1908.28,6,9840.33,0.72,13,1,1217.36
382,6233.11,7,11376.31,0.89,12,0,0.0
383,5726.35,4,1747.58,0.67,3,0,0.0
384,7584.1,6,7229.83,0.79,4,0,0.0
385,6519.66,4,1808.23,0.24,12,0,0.0
386,7031.02,4,22100.46,0.52,4,1,2734.07
387,3133.21,5,6841.52,0.11,5,0,0.0
388,2351.36,1,14376.09,0.32,2,0,0.0
389,6635.85,4,1935.5,0.75,4,0,0.0
390,7056.09,3,17004.34,0.99,1,1,2103.63
391,8429.03,6,8752.66,0.19,9,0,0.0
392,4109.32,7,22550.06,0.46,0,1,2789.69
393,3805.84,5,22314.84,0.82,10,0,0.0
394,6828.69,6,8806.97,0.28,0,1,1089.52
395,3572.51,3,22623.06,0.6,9,0,0.0
396,7982.41,3,24907.78,0.76,6,0,0.0
397,7441.64,4,20809.98,0.65,1,1,2574.43
398,4231.73,3,21276.91,0.27,3,0,0.0
399,6637.76,1,6976.21,0.42,4,0,0.0
400,6665.21,3,14840.86,0.81,6,0,0.0
401,1795.85,4,2614.14,0.6,1,1,323.4
402,7771.58,6,3278.03,0.1,13,0,0.0
403,4801.76,3,24973.42,0.78,5,1,3089.49
404,7202.77,5,8839.34,0.13,0,1,1093.52
405,3417.37,7,18956.41,0.77,6,1,2345.12
406,7719.04,5,20359.96,0.28,8,0,0.0
407,3934.28,5,21592.56,0.96,4,1,2671.24
408,1106.01,6,24943.08,0.43,4,1,3085.74
409,7792.73,2,6795.92,0.39,3,0,0.0
410,1707.37,7,1968.42,0.23,2,1,243.52
411,3411.87,5,10868.6,0.38,8,1,1344.57
412,8126.71,5,4121.94,0.89,4,0,0.0
413,8130.79,2,1538.22,1.0,7,0,0.0
414,5311.45,6,9650.24,0.43,8,1,1193.84
415,5747.98,7,19809.72,0.5,4,0,0.0
416,4377.13,5,14588.34,0.75,9,0,0.0
417,3216.75,4,8506.67,0.9,8,0,0.0
418,3481.77,6,16704.21,0.63,1,1,2066.5
419,6052.08,7,6568.44,0.45,8,1,812.59
420,6649.0,5,1345.15,0.47,10,0,0.0
421,6942.05,5,19344.48,0.73,3,1,2393.13
422,6927.4,2,15969.83,0.1,5,0,0.0
423,1706.77,7,19295.26,0.66,5,0,0.0
424,4720.79,4,1934.51,0.42,5,0,0.0
425,1455.25,6,21090.87,0.81,20,0,0.0
426,5132.73,3,15868.63,0.18,6,0,0.0
427,4325.44,1,14521.49,0.63,12,1,1796.47
428,7660.59,4,15990.74,0.53,5,1,1978.23
429,3648.09,3,21746.4,0.68,10,1,2690.27
430,1900.08,4,15086.48,0.16,13,1,1866.36
431,2093.86,7,14942.81,0.62,0,0,0.0
432,6717.29,3,24776.3,0.61,1,0,0.0
433,5646.18,7,19161.52,0.6,6,1,2370.49
434,1780.89,3,11615.05,0.64,0,1,1436.91
435,1653.7,4,17977.53,0.71,14,0,0.0
436,6264.74,2,10341.53,0.82,0,0,0.0
437,1568.9,4,6493.01,0.34,0,0,0.0
438,7168.4,7,15324.45,0.84,7,1,1895.8
439,6304.16,4,23276.37,0.55,3,0,0.0
440,1633.08,3,23299.35,0.17,3,0,0.0
441,1659.16,1,9205.73,0.15,12,1,1138.85
442,8400.13,3,13664.26,0.4,1,1,1690.42
443,3822.67,5,6079.26,0.81,10,1,752.07
444,3795.55,4,24895.15,0.74,10,0,0.0
445,7100.68,6,24546.83,0.81,10,0,0.0
446,8105.68,4,16588.21,0.57,0,1,2052.15
447,8395.36,2,20305.94,0.5,11,0,0.0
448,6656.5,7,18162.4,0.23,9,0,0.0
449,3837.54,6,15235.8,0.4,8,0,0.0
450,1649.17,3,2280.35,0.49,6,1,282.1
451,6834.17,2,11914.34,0.18,3,1,1473.94
452,5199.07,4,17194.87,0.3,11,0,0.0
453,4196.06,3,17260.76,0.64,5,0,0.0
454,7800.0,3,9954.94,0.76,13,0,0.0
455,1856.2,5,23600.61,1.0,25,0,0.0
456,4707.37,5,5016.57,0.94,6,1,620.61
457,1109.87,1,13008.63,0.68,1,1,1609.31
458,4528.24,5,17581.22,0.48,9,0,0.0
459,1445.87,7,17731.26,0.67,7,0,0.0
460,1913.16,6,16567.33,0.81,36,4,2049.56
461,1903.51,3,7606.92,0.21,0,0,0.0
462,5877.85,5,4748.96,0.47,12,1,587.5
463,6601.69,1,16262.57,0.86,7,0,0.0
464,5385.68,4,15383.25,0.45,1,1,1903.08
465,8217.24,6,5304.54,0.61,5,0,0.0
466,3827.16,5,17923.34,0.63,12,0,0.0
467,3160.7,3,11924.13,0.27,0,1,1475.15
468,7517.78,4,17026.25,0.43,4,1,2106.34
469,2696.38,7,21096.81,0.4,10,0,0.0
470,8225.09,3,5073.48,0.12,6,0,0.0
471,1115.85,4,1459.48,0.12,12,1,180.55
472,8274.84,7,19698.46,0.85,9,1,2436.92
473,1347.62,7,15632.74,0.35,0,0,0.0
474,7686.29,6,17791.35,0.57,14,0,0.0
475,4969.57,3,21115.72,0.37,1,1,2612.25
476,8447.41,5,20267.46,0.95,6,1,2507.31
477,1576.63,5,24062.08,0.33,5,1,2976.75
478,5165.06,1,13862.44,0.49,2,1,1714.94
479,8270.54,4,12723.9,0.89,13,1,1574.09
480,4935.16,1,10645.29,0.86,9,0,0.0
481,5729.75,2,4688.59,0.27,1,0,0.0
482,6225.72,5,14742.57,0.82,9,1,1823.82
483,4422.69,4,7648.3,0.51,3,0,0.0
484,5716.0,6,23111.38,0.53,2,0,0.0
485,5392.75,1,14996.58,0.22,6,1,1855.24
486,7761.16,6,15228.16,0.17,7,0,0.0
487,1364.71,6,9518.19,0.76,1,0,0.0
488,3125.2,6,2247.74,0.55,9,0,0.0
489,8129.33,1,1761.85,0.49,6,1,217.96
490,7679.72,2,11160.04,0.76,7,1,1380.62
491,4431.03,7,3029.57,0.79,5,0,0.0
492,5660.49,7,15564.33,0.24,5,0,0.0
493,3098.42,1,22143.35,0.65,9,0,0.0
494,2431.21,7,22189.96,0.22,0,0,0.0
495,4491.15,3,16817.09,0.78,3,0,0.0
496,3666.31,7,6069.56,0.69,13,0,0.0
497,5387.83,5,21711.92,0.96,0,1,2686.01
498,1606.07,1,22266.24,0.16,3,0,0.0
499,8308.6,7,5719.69,0.15,1,0,0.0
500,8396.93,1,18698.23,0.35,10,1,2313.18
501,6243.76,2,7876.47,0.34,12,0,0.0
502,5032.32,3,20263.37,0.32,4,0,0.0
503,3338.72,1,24933.71,0.92,9,0,0.0
504,7108.12,5,1720.62,0.32,13,0,0.0
505,6143.37,7,22536.78,0.34,8,1,2788.05
506,2240.56,5,15943.13,0.78,10,0,0.0
507,7834.18,7,24361.18,0.5,14,1,3013.75
508,7173.47,1,12160.23,0.8,11,0,0.0
509,8124.75,6,21337.31,0.16,9,0,0.0
510,6449.75,7,2497.46,0.54,2,1,308.96
511,5610.28,6,9046.7,0.13,7,0,0.0
512,4151.37,3,2608.4,0.16,2,1,322.69
513,7997.15,5,24408.24,0.92,5,1,3019.57
514,7498.83,6,20607.37,0.23,3,1,2549.36
515,1363.01,5,21461.14,0.58,7,0,0.0
516,1222.09,7,23511.17,0.47,10,0,0.0
517,3839.06,7,3042.48,0.41,5,0,0.0
518,7083.89,3,10254.34,0.91,7,0,0.0
519,8404.89,7,2704.84,0.12,0,1,334.62
520,2149.37,3,6059.03,0.7,5,0,0.0
521,5466.13,6,6504.78,0.97,0,0,0.0
522,3872.16,7,12258.57,0.6,0,1,1516.52
523,8275.11,1,7445.49,0.94,7,1,921.09
524,7319.84,4,3423.47,0.15,14,0,0.0
525,7291.51,2,5019.79,0.48,6,1,621.0
526,4528.48,4,4534.61,0.33,2,1,560.98
527,4125.78,4,24353.84,0.76,5,1,3012.84
528,3068.72,5,19223.02,0.98,14,1,2378.1
529,1446.41,3,24226.28,0.33,8,1,2997.06
530,7488.8,5,11553.77,0.69,6,0,0.0
531,7101.44,6,7680.84,0.28,11,0,0.0
532,8497.89,2,20159.04,0.61,2,0,0.0
533,8474.86,6,8830.09,0.52,13,0,0.0
534,5176.85,1,8185.2,0.97,13,0,0.0
535,6773.18,2,6580.14,0.65,12,0,0.0
536,8087.12,5,4112.3,0.41,5,0,0.0
537,7376.11,7,7155.11,0.2,10,1,885.17
538,2873.93,7,9527.67,0.24,3,0,0.0
539,4392.82,5,17175.86,0.3,13,0,0.0
540,1990.47,6,2501.56,0.33,12,0,0.0
541,8156.53,5,6052.17,0.87,2,1,748.72
542,5556.16,5,20416.57,0.61,8,0,0.0
543,2734.1,4,4526.13,0.57,9,0,0.0
544,6045.96,1,9223.48,0.2,1,1,1141.05
545,5645.51,7,21751.81,0.87,0,0,0.0
546,3702.27,4,4718.21,0.75,14,0,0.0
547,1873.84,5,2985.68,0.16,13,1,369.36
548,6045.01,3,12628.91,0.74,1,0,0.0
549,4914.3,4,8258.07,0.59,6,1,1021.61
550,6798.08,5,14521.8,0.17,9,0,0.0
551,4913.22,7,20291.32,0.51,0,0,0.0
552,7395.06,5,4291.56,0.54,5,0,0.0
553,5150.5,1,14936.78,0.25,13,1,1847.85
554,5218.01,6,13132.21,0.95,6,1,1624.6
555,7577.99,2,4457.89,0.86,8,1,551.49
556,4041.03,4,15975.96,0.7,14,0,0.0
557,2026.76,4,7567.37,0.52,13,0,0.0
558,1240.15,4,12708.02,0.47,7,1,1572.12
559,6669.65,5,2974.54,0.69,5,1,367.98
560,5661.81,1,12030.02,0.59,2,0,0.0
561,6288.0,5,8355.12,0.16,7,0,0.0
562,2616.91,5,20737.15,0.56,6,0,0.0
563,2044.38,6,2367.49,0.83,13,0,0.0
564,1133.72,3,11046.57,0.51,8,1,1366.58
565,3645.64,1,12002.35,0.15,11,0,0.0
566,5434.63,4,18400.15,0.81,1,0,0.0
567,3957.02,2,14782.9,0.28,2,0,0.0
568,4295.13,4,17013.1,0.33,1,0,0.0
569,7783.59,5,19649.18,0.25,12,0,0.0
570,3628.21,1,21692.87,0.4,0,0,0.0
571,4867.07,7,8533.01,0.78,3,0,0.0
572,6882.81,1,13912.54,0.57,4,1,1721.14
573,3989.16,1,21162.59,0.28,12,1,2618.05
574,5675.1,3,24746.83,0.89,5,1,3061.46
575,7471.17,4,22348.46,0.89,4,0,0.0
576,8122.67,3,9915.21,0.88,0,1,1226.62
577,2124.37,7,5684.0,0.31,2,0,0.0
578,7951.24,7,12745.42,0.51,0,0,0.0
579,4703.57,6,18799.39,0.99,10,0,0.0
580,2955.38,2,12821.66,0.79,4,0,0.0
581,4457.04,6,12596.34,0.12,4,1,1558.31
582,8350.74,5,21117.53,0.16,11,0,0.0
583,4707.32,3,9673.69,0.52,10,0,0.0
584,3482.42,3,21635.07,0.92,12,1,2676.5
585,5759.67,6,10763.32,0.58,5,1,1331.54
586,2820.09,5,8877.59,0.55,7,1,1098.26
587,1592.08,1,11895.76,0.19,9,0,0.0
588,1988.38,5,19298.73,0.69,11,1,2387.47
589,1982.14,4,4024.05,0.84,31,3,497.82
590,2160.47,6,5714.06,0.44,3,0,0.0
591,2062.73,5,23834.68,0.8,9,1,2948.61
592,5815.54,1,5211.8,0.97,10,1,644.76
593,2384.55,5,14625.46,0.28,0,1,1809.33
594,3608.86,3,14903.55,0.57,8,0,0.0
595,7728.49,2,12750.99,0.36,10,0,0.0
596,4567.86,3,16473.89,0.81,6,0,0.0
597,6014.99,7,6515.84,0.62,6,0,0.0
598,2313.09,2,14263.89,0.67,11,0,0.0
599,2462.36,7,9932.16,0.82,24,0,0.0
600,1330.49,5,16880.01,0.46,6,1,2088.24
601,2287.79,4,4389.37,0.92,28,0,0.0
602,3107.46,5,14701.06,0.58,14,1,1818.68
603,2348.15,1,5446.49,0.24,1,1,673.79
604,1688.05,5,7687.43,0.73,13,1,951.02
605,1926.75,2,6249.04,0.81,53,3,773.08
606,4469.32,3,5388.11,0.39,3,1,666.57
607,2567.34,4,20817.06,0.87,13,0,0.0
608,3747.92,7,7856.98,0.92,13,0,0.0
609,4788.04,5,23250.97,0.35,6,0,0.0
610,6185.7,5,24278.24,0.99,2,0,0.0
611,1318.86,3,14710.25,0.23,1,1,1819.82
612,7000.59,4,4432.03,0.28,9,1,548.29
613,5718.56,6,9989.16,0.27,1,1,1235.77
614,1636.15,7,20145.57,0.9,37,3,2492.23
615,7555.0,5,9817.38,0.69,0,0,0.0
616,7908.52,5,3088.41,0.24,4,0,0.0
617,1481.56,6,14362.84,0.5,11,0,0.0
618,3094.66,7,21282.9,0.65,5,1,2632.93
619,7051.35,2,20102.23,0.18,5,1,2486.87
620,6618.24,2,5202.96,0.89,8,0,0.0
621,2404.29,1,17146.35,0.82,17,0,0.0
622,2589.89,3,6292.1,0.55,0,1,778.4
623,3794.28,4,6236.98,0.97,5,1,771.58
624,4646.81,5,21977.72,0.48,14,1,2718.89
625,5646.45,7,6992.05,0.99,4,1,864.99
626,3782.63,5,7317.94,0.7,9,0,0.0
627,4482.45,1,1015.68,0.67,5,1,125.65
628,6612.35,7,21896.06,0.25,2,1,2708.79
629,1299.21,7,20022.28,0.89,38,2,2476.98
630,2911.97,5,16055.89,0.48,5,1,1986.29
631,6357.29,3,19006.38,0.25,12,0,0.0
632,7716.67,1,4649.17,0.11,0,0,0.0
633,4849.79,3,11999.77,0.6,6,0,0.0
634,5002.55,1,9429.27,0.57,6,0,0.0
635,1826.11,5,3250.64,0.75,9,0,0.0
636,4369.41,1,12667.13,0.9,12,0,0.0
637,5006.31,2,23097.75,0.17,6,1,2857.45
638,2837.47,7,1961.42,0.76,14,1,242.65
639,3037.59,4,7995.06,0.27,11,1,989.08
640,3845.2,5,5980.98,0.87,10,1,739.91
641,1175.03,6,6715.52,0.84,20,0,0.0
642,3432.54,4,22802.43,0.59,0,1,2820.91
643,2605.57,5,12233.66,0.74,14,0,0.0
644,3473.04,4,12191.19,0.38,3,1,1508.19
645,1920.22,2,19253.82,0.52,12,1,2381.91
646,7681.69,4,4707.81,0.84,6,1,582.41
647,5462.1,1,12694.37,0.51,10,0,0.0
648,6101.29,4,11319.65,0.42,8,1,1400.37
649,6924.06,5,15325.86,0.54,4,0,0.0
650,4750.86,6,24989.38,0.85,12,0,0.0
651,1674.73,6,19466.77,0.4,1,1,2408.26
652,5039.87,3,10548.78,0.26,6,0,0.0
653,5411.64,7,20861.27,0.74,9,0,0.0
654,6597.16,4,5097.0,0.84,0,1,630.56
655,4251.66,6,1731.13,0.19,6,1,214.16
656,1978.66,4,5906.76,0.32,5,1,730.73
657,3146.22,7,9169.88,0.23,6,1,1134.42
658,3739.04,6,13253.94,0.41,13,1,1639.66
659,5853.23,7,15763.1,0.51,12,1,1950.07
660,5291.57,4,22854.54,0.77,9,0,0.0
661,3686.82,5,13236.5,0.69,2,1,1637.5
662,8399.2,4,13030.62,0.66,14,1,1612.03
663,5553.17,7,2205.83,0.42,2,0,0.0
664,2798.27,5,1837.88,0.86,6,1,227.37
665,1785.82,5,14227.84,0.52,12,0,0.0
666,2167.62,3,11516.29,0.98,19,1,1424.69
667,2863.53,6,21140.33,0.67,0,1,2615.29
668,2226.09,1,4856.31,0.21,8,0,0.0
669,2419.59,5,1599.32,0.71,8,1,197.85
670,3156.09,7,11776.93,0.39,6,0,0.0
671,2320.97,6,6699.49,0.72,6,1,828.8
672,7728.32,2,2190.74,0.16,2,1,271.02
673,1624.75,4,18390.36,0.26,9,0,0.0
674,4945.72,7,3678.23,0.87,14,1,455.04
675,4092.72,2,15599.67,0.3,1,1,1929.85
676,8368.28,7,7745.19,0.85,10,0,0.0
677,1862.49,4,5163.91,0.35,6,1,638.83
678,3998.97,3,10114.04,0.68,8,0,0.0
679,8271.79,7,20234.7,0.72,0,1,2503.26
680,7494.67,5,10410.25,0.56,12,0,0.0
681,7132.61,1,19018.47,0.37,13,1,2352.8
682,2952.82,5,4011.67,0.29,3,0,0.0
683,2302.38,4,19546.51,0.13,5,0,0.0
684,6023.11,7,6686.4,0.37,6,1,827.18
685,7972.09,1,17257.44,0.69,9,1,2134.94
686,5186.8,5,14578.76,0.94,6,0,0.0
687,5297.8,1,23299.47,0.88,9,1,2882.4
688,3117.84,4,10295.74,0.79,1,0,0.0
689,6776.96,3,2587.96,0.81,13,1,320.16
690,2423.15,3,1459.73,0.7,3,1,180.58
691,3444.5,7,20844.61,0.33,4,0,0.0
692,4205.14,5,13593.66,0.92,13,0,0.0
693,4819.39,2,19605.86,0.7,11,1,2425.46
694,2837.01,4,6626.21,0.6,0,1,819.74
695,1883.41,5,9282.01,0.2,0,1,1148.29
696,5589.38,5,1722.49,0.5,9,1,213.09
697,3182.51,3,24075.82,0.51,2,1,2978.45
698,5369.76,7,17028.83,0.88,14,0,0.0
699,2178.86,1,23396.92,0.59,14,1,2894.46
700,4621.52,4,7371.91,0.44,9,1,911.99
701,5006.11,1,15675.13,0.98,2,0,0.0
702,1412.38,6,17284.0,0.2,11,0,0.0
703,3541.12,6,8621.19,0.48,7,0,0.0
704,2029.75,4,21354.62,0.14,8,1,2641.8
705,1498.73,7,23731.88,0.77,14,0,0.0
706,8424.95,2,22236.52,0.93,13,0,0.0
707,3434.59,6,18737.61,0.35,10,0,0.0
708,7078.81,3,7659.15,0.87,11,0,0.0
709,2928.44,2,7758.79,0.36,0,1,959.85
710,6119.23,5,24120.65,0.92,13,1,2983.99
711,6707.7,6,1246.83,0.78,10,1,154.25
712,5477.4,3,18185.2,0.82,1,0,0.0
713,4550.03,5,17949.91,0.12,9,0,0.0
714,4103.51,2,15944.55,0.97,1,0,0.0
715,3632.79,4,24762.61,0.75,14,0,0.0
716,7973.23,5,8485.11,0.37,3,0,0.0
717,7233.88,1,9159.32,0.85,1,0,0.0
718,8238.58,4,2894.55,0.35,6,1,358.09
719,1954.12,4,11627.16,0.89,47,5,1438.41
720,6488.23,2,7265.16,0.2,14,0,0.0
721,8039.09,2,9241.28,0.73,8,1,1143.25
722,2379.72,3,21029.72,0.59,6,0,0.0
723,1522.06,3,23451.63,0.19,11,0,0.0
724,6564.88,1,5457.59,0.32,5,1,675.16
725,5319.19,4,9940.21,0.11,14,0,0.0
726,7317.67,7,23287.13,0.52,9,1,2880.88
727,2069.8,1,2483.4,0.37,0,0,0.0
728,6969.62,1,3216.65,0.64,10,0,0.0
729,2532.16,7,4906.98,0.37,9,1,607.05
730,2248.33,7,15285.11,0.37,8,0,0.0
731,2252.89,7,4611.33,0.77,4,0,0.0
732,7113.95,2,24233.83,0.14,10,0,0.0
733,5997.35,1,11721.15,0.91,4,1,1450.04
734,4934.91,1,13036.43,0.87,5,0,0.0
735,3707.26,5,6919.81,0.7,8,0,0.0
736,7582.07,7,12303.05,0.63,12,0,0.0
737,3958.53,7,16885.93,0.9,7,1,2088.98
738,7129.08,3,19028.25,0.27,7,1,2354.01
739,4307.53,3,19092.83,0.17,13,1,2361.99
740,3842.66,4,14869.39,0.32,7,1,1839.51
741,4483.53,3,22704.63,0.82,0,1,2808.81
742,3277.8,6,20617.79,0.13,0,0,0.0
743,6613.38,4,19169.15,0.62,7,1,2371.44
744,4782.83,7,2334.53,1.0,4,1,288.81
745,2760.79,5,1165.07,0.87,8,0,0.0
746,7749.32,3,6098.73,0.57,1,1,754.48
747,3894.59,5,16924.57,0.16,8,0,0.0
748,5088.06,3,10868.74,0.85,11,1,1344.58
749,7800.88,3,10657.75,0.64,13,0,0.0
750,5691.18,5,22230.09,0.2,7,0,0.0
751,1898.81,1,22493.51,0.18,8,1,2782.7
752,8050.25,1,22820.21,0.92,3,1,2823.11
753,5717.12,1,8533.07,0.7,0,0,0.0
754,3528.42,6,17585.34,0.85,0,0,0.0
755,2066.06,1,7519.2,0.89,48,4,930.21
756,6960.34,3,5574.64,0.61,1,0,0.0
757,5660.04,7,5431.18,0.57,13,0,0.0
758,5012.62,2,9210.58,0.49,7,0,0.0
759,7706.85,5,11318.98,0.39,9,0,0.0
760,6919.76,7,20942.78,0.49,10,1,2590.85
761,2158.77,2,3877.39,0.8,4,0,0.0
762,3355.12,7,18638.22,0.64,4,1,2305.75
763,2882.46,6,13754.92,0.9,1,1,1701.64
764,6586.0,2,7910.69,0.5,6,0,0.0
765,1275.65,4,12827.67,0.65,12,0,0.0
766,5284.93,1,8198.61,0.67,7,1,1014.26
767,6724.38,6,15305.97,0.63,9,0,0.0
768,7578.82,7,11412.25,0.73,12,0,0.0
769,3582.06,3,4945.73,0.31,0,1,611.84
770,7163.9,1,3797.99,0.56,1,1,469.85
771,1851.97,1,14120.7,0.19,9,1,1746.89
772,7352.23,2,22657.91,0.45,3,0,0.0
773,1977.98,4,9254.98,0.54,4,0,0.0
774,3994.72,1,18592.0,0.69,12,1,2300.04
775,6984.78,7,16807.87,0.96,1,0,0.0
776,2145.63,7,23357.32,0.64,0,1,2889.56
777,2738.65,5,20703.54,0.77,8,0,0.0
778,6423.84,5,14598.53,0.56,13,1,1806.0
779,6407.27,1,16768.73,0.67,0,0,0.0
780,5817.58,2,22561.28,0.16,12,1,2791.08
781,6212.26,2,10588.45,0.33,14,0,0.0
782,5081.87,3,8843.07,0.43,3,0,0.0
783,2907.2,6,1259.47,0.53,1,1,155.81
784,3609.08,6,20837.23,0.14,10,0,0.0
785,2382.44,6,20223.54,0.23,3,0,0.0
786,7815.67,4,3506.91,0.35,7,1,433.84
787,5385.85,2,14844.58,0.97,7,0,0.0
788,4021.36,3,12135.56,0.4,14,0,0.0
789,4478.49,5,3849.02,0.53,10,0,0.0
790,8105.94,7,24533.64,0.28,11,1,3035.08
791,2171.3,6,6152.7,0.65,8,1,761.16
792,5407.07,5,2613.62,0.35,12,1,323.33
793,4806.52,5,15276.34,0.29,14,1,1889.85
794,5595.62,1,18732.8,0.56,10,1,2317.46
795,1160.37,4,1778.64,0.1,14,0,0.0
796,7544.13,3,16809.22,0.11,11,0,0.0
797,7992.58,4,13775.01,0.3,4,1,1704.12
798,5249.37,1,3478.36,0.13,6,0,0.0
799,6232.46,3,5140.57,0.2,2,0,0.0
800,7920.68,3,14631.38,0.4,9,0,0.0
801,6311.61,2,8112.58,0.82,3,0,0.0
802,2165.23,4,23519.58,0.61,9,1,2909.63
803,5332.76,4,20649.77,0.56,8,1,2554.61
804,5560.19,2,24605.61,0.36,9,0,0.0
805,4195.38,5,7232.1,0.94,9,0,0.0
806,6529.92,1,24273.37,0.46,13,1,3002.89
807,8009.39,4,11349.61,0.18,11,0,0.0
808,7943.62,2,9340.45,0.66,0,0,0.0
809,4395.02,7,2208.39,0.2,1,0,0.0
810,1871.45,3,2266.37,0.41,4,1,280.38
811,8386.69,6,17608.27,0.56,2,1,2178.34
812,7295.76,7,11990.3,0.89,1,0,0.0
813,1956.85,2,6436.52,0.54,0,0,0.0
814,7908.29,6,15735.29,0.73,9,0,0.0
815,7527.48,5,7068.59,0.99,2,0,0.0
816,4903.31,1,14863.16,0.22,0,0,0.0
817,5444.78,6,9621.01,0.35,11,0,0.0
818,4007.55,5,20765.25,0.46,0,1,2568.89
819,1434.34,6,20696.71,0.48,11,1,2560.41
820,3530.6,3,12456.41,0.47,0,0,0.0
821,7026.33,3,9419.66,0.92,7,1,1165.32
822,1059.62,3,9701.44,0.74,14,0,0.0
823,3517.91,3,20337.15,0.65,2,0,0.0
824,4001.31,2,8876.31,0.38,10,1,1098.1
825,5042.03,3,6017.42,0.84,0,1,744.42
826,7900.92,7,3032.52,0.96,6,0,0.0
827,3613.94,3,12200.63,0.84,9,0,0.0
828,3618.48,7,12571.17,0.1,2,1,1555.19
829,6537.82,2,21181.81,0.67,7,1,2620.42
830,4405.33,3,6309.73,0.15,3,0,0.0
831,2703.92,5,10143.79,0.33,3,0,0.0
832,4406.99,5,20401.74,0.15,4,0,0.0
833,2077.91,4,20766.97,0.64,5,1,2569.1
834,2343.49,5,10230.67,0.72,6,0,0.0
835,4750.3,1,12018.98,0.2,13,1,1486.88
836,4156.47,1,8278.86,0.45,13,0,0.0
837,7863.47,1,23381.32,0.51,3,1,2892.53
838,3733.89,2,3847.45,0.43,7,1,475.97
839,5364.9,5,23409.99,0.21,12,1,2896.08
840,5751.18,7,17412.79,0.48,5,1,2154.16
841,1122.88,1,13757.73,0.78,13,0,0.0
842,5984.94,4,1783.82,0.16,0,1,220.68
843,2355.82,2,12414.31,0.17,0,1,1535.79
844,8209.0,4,10785.95,0.42,8,1,1334.34
845,2136.25,5,4869.25,0.95,53,3,602.38
846,4124.32,3,16753.83,0.7,5,0,0.0
847,1662.99,4,24307.62,0.71,9,0,0.0
848,8476.64,3,14492.53,0.43,7,0,0.0
849,4778.91,2,18154.08,0.63,12,0,0.0
850,5475.5,4,2642.81,0.11,6,0,0.0
851,1526.4,4,11024.01,0.67,11,1,1363.79
852,6630.95,6,3792.6,0.92,5,1,469.19
853,2594.04,2,15707.1,0.65,3,1,1943.14
854,7737.96,2,23523.57,0.89,6,0,0.0
855,2558.42,1,16882.67,0.75,8,1,2088.57
856,2450.39,5,2843.27,0.21,13,1,351.74
857,1298.21,4,9511.99,0.91,45,4,1176.74
858,4553.7,4,14215.92,0.16,9,1,1758.67
859,5247.19,7,10676.99,0.58,9,0,0.0
860,1516.17,2,21007.46,0.23,13,1,2598.86
861,6822.07,2,20552.1,0.11,6,0,0.0
862,4413.33,5,15683.94,0.48,0,0,0.0
863,4944.82,2,9962.99,0.37,9,0,0.0
864,4319.7,3,7128.07,0.54,8,1,881.82
865,4020.7,3,3540.98,0.62,12,1,438.06
866,5208.31,6,9517.54,0.14,3,0,0.0
867,2185.42,3,10916.14,0.21,14,0,0.0
868,2384.91,3,17219.75,0.6,2,1,2130.27
869,7466.85,5,16795.84,0.41,3,1,2077.83
870,8097.21,4,2682.6,0.76,3,0,0.0
871,3815.49,3,10486.22,0.69,12,1,1297.26
872,3048.82,6,5362.69,0.86,9,1,663.42
873,5838.9,2,4763.5,0.72,10,1,589.3
874,4080.29,3,20855.25,0.49,1,0,0.0
875,1214.76,6,2005.97,0.71,13,0,0.0
876,2192.24,5,11060.39,0.35,11,1,1368.29
877,6376.89,7,5036.89,0.38,13,0,0.0
878,5950.46,7,22103.93,0.81,0,1,2734.5
879,1227.54,7,14368.97,0.5,11,1,1777.6
880,2684.24,2,6553.14,0.82,9,0,0.0
881,2752.28,6,13058.25,0.84,11,0,0.0
882,6047.4,3,18555.67,0.87,0,0,0.0
883,1172.34,4,23994.83,0.92,55,4,2968.43
884,1803.21,2,6290.7,0.49,13,1,778.23
885,7004.37,2,22268.36,0.39,7,0,0.0
886,2359.62,7,23423.3,0.62,13,0,0.0
887,5904.28,4,22994.09,0.43,1,0,0.0
888,2805.42,7,16249.94,0.64,11,1,2010.3
889,1768.32,2,16115.7,0.74,9,1,1993.69
890,2842.71,3,10677.06,0.72,4,1,1320.87
891,6423.95,7,19057.55,0.44,11,0,0.0
892,7421.33,7,13751.06,0.25,3,0,0.0
893,7230.89,7,17258.51,0.49,7,1,2135.07
894,3993.95,2,11282.99,0.23,1,0,0.0
895,6018.94,3,18555.92,0.9,9,0,0.0
896,2557.26,4,20787.32,0.41,8,0,0.0
897,3216.28,1,4514.47,0.24,6,0,0.0
898,7725.11,4,20990.31,0.12,14,1,2596.73
899,1122.19,3,13967.12,0.68,12,0,0.0
900,1664.18,5,21271.98,0.67,6,1,2631.58
901,2578.95,7,11351.24,0.41,0,1,1404.27
902,1223.33,4,10096.97,0.16,13,0,0.0
903,2381.23,5,22961.46,0.47,11,1,2840.59
904,5383.24,5,7028.06,0.38,1,1,869.45
905,4175.15,3,21261.1,0.71,3,0,0.0
906,7697.72,3,12616.49,0.65,3,1,1560.8
907,7135.39,7,13338.29,0.43,10,1,1650.09
908,3580.08,1,8403.24,0.3,13,1,1039.57
909,2964.19,6,14753.01,0.99,2,1,1825.11
910,3863.2,2,8805.07,0.51,6,1,1089.28
911,5437.45,4,1942.47,0.72,11,1,240.31
912,3028.78,3,7527.97,0.23,7,1,931.29
913,5690.51,4,1153.1,0.54,1,1,142.65
914,4085.35,6,24480.51,0.12,3,0,0.0
915,5151.55,6,24177.93,0.55,13,0,0.0
916,4285.05,7,10483.73,0.97,2,0,0.0
917,3226.13,5,18480.9,0.45,1,1,2286.29
918,8114.69,7,9299.35,0.14,11,1,1150.43
919,6732.95,2,17106.24,0.13,12,1,2116.23
920,2072.35,1,20330.32,0.45,13,0,0.0
921,7516.8,4,23722.15,0.24,5,0,0.0
922,4668.55,2,10605.09,0.12,12,0,0.0
923,7711.78,1,19799.15,0.78,3,1,2449.37
924,7003.92,4,7382.28,0.51,5,0,0.0
925,4203.47,2,24767.98,0.36,1,0,0.0
926,1192.96,3,1618.47,0.91,42,3,200.22
927,3033.36,4,15484.69,0.2,3,0,0.0
928,5073.72,2,16828.14,0.96,10,1,2081.83
929,5760.25,6,17513.09,0.38,5,0,0.0
930,2952.71,1,3889.3,0.9,13,1,481.15
931,2066.69,2,23524.71,0.64,4,1,2910.27
932,7266.1,3,5348.4,0.84,2,1,661.66
933,8383.41,7,15946.08,0.99,7,1,1972.71
934,4954.53,4,6344.23,0.36,6,1,784.85
935,2308.3,4,8373.19,0.97,29,0,0.0
936,3060.5,4,14115.01,0.45,5,1,1746.18
937,1162.47,3,11012.64,0.45,3,1,1362.39
938,7859.38,1,4845.41,0.41,10,1,599.43
939,1905.19,4,5102.47,0.59,4,1,631.23
940,5334.46,1,11035.47,0.24,10,0,0.0
941,3073.56,2,19174.79,0.6,4,1,2372.13
942,5167.48,6,22551.15,0.59,6,0,0.0
943,5894.37,6,3019.06,0.79,10,1,373.49
944,7227.32,1,10434.49,0.85,4,1,1290.86
945,2568.0,1,3405.89,0.5,10,0,0.0
946,1107.19,6,1398.22,0.37,14,0,0.0
947,2048.22,4,16881.25,0.33,2,0,0.0
948,7752.64,5,15458.79,0.28,9,1,1912.42
949,7557.33,5,4912.46,0.15,4,0,0.0
950,5490.66,3,6611.51,0.41,6,1,817.92
951,5513.86,7,1568.99,0.34,4,0,0.0
952,5996.15,6,21038.73,0.97,4,0,0.0
953,2335.9,6,24392.57,0.6,8,1,3017.63
954,7860.23,3,4251.03,0.41,14,0,0.0
955,4155.31,5,6555.41,0.62,2,0,0.0
956,3888.96,2,21841.83,0.23,12,1,2702.08
957,4903.91,4,23235.13,0.5,5,1,2874.44
958,1376.07,4,11071.06,0.66,0,1,1369.61
959,2267.97,2,2214.94,0.54,9,0,0.0
960,6541.8,2,1945.4,0.46,4,0,0.0
961,1643.92,5,14774.8,0.99,24,0,0.0
962,5533.56,3,10429.48,0.89,4,0,0.0
963,2858.98,2,1687.66,0.66,8,0,0.0
964,3934.98,3,14998.06,0.61,10,1,1855.43
965,3182.99,7,1271.26,0.66,5,0,0.0
966,3683.65,1,19896.93,0.28,7,1,2461.47
967,6399.87,4,8354.39,0.46,9,0,0.0
968,3245.98,5,1966.19,0.14,7,1,243.24
969,5258.87,4,15120.45,0.53,12,0,0.0
970,4583.48,5,10544.43,0.59,2,0,0.0
971,5985.94,1,24371.21,0.3,6,1,3014.99
972,8027.8,4,14060.77,0.97,13,0,0.0
973,6500.98,1,7605.74,0.92,6,1,940.91
974,2631.68,5,18026.53,0.75,13,0,0.0
975,1258.09,2,7515.81,0.58,9,0,0.0
976,2985.42,7,22701.84,0.88,11,1,2808.47
977,5473.21,4,9993.33,0.22,5,0,0.0
978,1409.41,1,14196.85,0.81,22,1,1756.31
979,4735.34,6,2213.75,0.21,6,0,0.0
980,5486.4,4,11226.91,0.81,13,0,0.0
981,3523.47,4,20976.72,0.35,1,0,0.0
982,6787.57,4,20335.57,0.89,8,0,0.0
983,1821.82,3,6383.65,0.95,50,2,789.73
984,1586.65,1,6425.9,0.23,9,0,0.0
985,6468.21,1,20615.33,0.52,0,0,0.0
986,4728.8,4,23329.56,0.98,0,1,2886.13
987,6170.81,2,3288.66,0.54,2,0,0.0
988,4275.33,4,11801.41,0.88,13,0,0.0
989,2866.86,3,9098.9,0.63,14,0,0.0
990,7147.79,5,21896.52,0.44,2,1,2708.84
991,7000.63,3,3004.6,0.36,0,1,371.7
992,6217.86,2,6067.02,0.28,11,0,0.0
993,3059.28,4,19059.24,0.79,6,0,0.0
994,5436.97,1,2231.05,0.45,3,0,0.0
995,3723.28,7,12820.85,0.56,9,1,1586.08
996,1709.58,6,11610.57,0.54,12,0,0.0
997,7881.92,4,9025.63,0.62,1,1,1116.57
998,2047.72,2,10469.74,0.88,52,3,1295.22
999,8128.02,1,13718.57,0.98,4,1,1697.14
1000,4358.89,3,4872.82,0.47,5,1,602.82
1001,2408.87,5,14727.9,0.84,39,3,1822.0
1002,5075.71,5,20330.38,0.79,3,0,0.0
1003,7550.27,7,19243.86,0.62,1,0,0.0
1004,6498.38,4,4693.6,0.96,4,0,0.0
1005,7054.04,3,4581.99,0.28,2,0,0.0
1006,5949.41,7,7436.18,0.2,1,0,0.0
1007,6199.77,6,9665.79,0.87,11,0,0.0
1008,7372.74,6,10802.93,0.5,0,1,1336.44
1009,2891.27,7,17312.73,0.86,9,0,0.0
1010,4683.45,2,2360.33,0.9,1,0,0.0
1011,2678.54,5,1832.14,0.16,5,1,226.66
1012,8407.82,3,10405.85,0.9,7,0,0.0
1013,8081.84,4,17731.93,0.5,12,0,0.0
1014,1319.72,1,5642.45,0.56,2,0,0.0
1015,6299.17,4,16396.11,0.66,10,0,0.0
1016,7941.23,4,7235.88,0.93,14,1,895.16
1017,2374.8,3,22266.07,0.12,8,1,2754.56
1018,5270.39,5,22496.56,0.53,14,0,0.0
1019,7868.28,3,8134.89,0.72,11,0,0.0
1020,1278.75,1,6519.85,0.75,8,1,806.58
1021,6238.22,7,10871.3,0.72,1,0,0.0
1022,3247.68,3,6772.76,0.22,7,1,837.87
1023,7934.86,2,17137.21,0.37,9,1,2120.06
1024,8283.66,4,20825.55,0.42,10,1,2576.35
1025,8083.39,5,17154.21,0.82,11,0,0.0
1026,4569.75,6,20784.41,0.35,4,0,0.0
1027,7468.77,1,10527.81,0.29,3,0,0.0
1028,7338.01,6,4751.61,0.96,9,1,587.83
1029,3410.28,4,18710.82,0.11,4,0,0.0
1030,7221.14,3,9651.39,1.0,3,0,0.0
1031,1301.63,6,17110.5,0.71,7,1,2116.76
1032,5482.12,2,7495.45,0.85,3,0,0.0
1033,2744.32,3,2949.51,0.37,12,0,0.0
1034,1926.24,4,24821.96,0.11,9,0,0.0
1035,1600.23,6,4748.84,0.76,11,1,587.48
1036,6229.76,7,24722.1,0.85,12,0,0.0
1037,3565.57,1,24454.72,0.77,13,1,3025.32
1038,6442.63,6,20051.63,0.23,5,1,2480.61
1039,1513.54,7,16826.15,0.78,1,1,2081.58
1040,3381.8,7,14867.37,0.79,4,0,0.0
1041,5057.7,6,21786.44,0.69,5,0,0.0
1042,6935.66,5,7946.55,0.79,4,0,0.0
1043,3407.67,6,12224.35,0.86,11,1,1512.29
1044,5703.54,4,15865.36,0.65,1,1,1962.72
1045,7647.68,7,10868.57,0.18,13,0,0.0
1046,5628.58,1,11259.67,0.54,6,1,1392.95
1047,2766.37,4,8926.83,0.17,3,0,0.0
1048,1207.4,2,14541.56,0.47,7,0,0.0
1049,7528.99,3,21413.79,0.47,6,0,0.0
1050,1183.99,6,5836.68,0.16,6,0,0.0
1051,7563.4,5,23426.39,0.41,8,0,0.0
1052,4978.81,1,17538.1,0.2,0,0,0.0
1053,8044.53,5,20758.56,0.83,9,0,0.0
1054,6995.9,5,14348.58,0.95,5,1,1775.08
1055,8484.56,5,19708.4,0.17,5,0,0.0
1056,3646.57,6,1388.81,0.96,5,1,171.81
1057,6759.73,1,20641.13,0.57,12,1,2553.54
1058,4029.43,1,1963.33,0.37,11,0,0.0
1059,4612.07,7,22357.92,0.17,5,1,2765.92
1060,5715.6,5,24807.11,0.55,11,1,3068.91
1061,7555.74,7,8057.62,0.82,9,1,996.82
1062,8381.02,7,6047.65,0.74,6,0,0.0
1063,6767.84,3,19368.72,0.15,13,0,0.0
1064,4147.81,6,7072.63,0.17,9,0,0.0
1065,4174.64,6,21773.5,0.46,5,0,0.0
1066,6538.43,4,3468.22,0.37,0,0,0.0
1067,2809.86,7,4022.92,0.31,2,1,497.68
1068,1850.79,6,24499.64,0.35,1,1,3030.88
1069,3675.8,5,17172.13,0.82,5,0,0.0
1070,3172.11,2,21325.29,0.94,7,1,2638.17
1071,3239.9,5,8783.91,0.46,2,1,1086.67
1072,2771.22,1,17235.61,0.92,9,1,2132.24
1073,1339.65,6,15261.8,0.39,7,1,1888.05
1074,1158.61,6,15475.6,0.53,7,0,0.0
1075,8408.22,4,17380.78,0.3,4,0,0.0
1076,4222.6,7,14808.62,0.68,7,0,0.0
1077,3897.84,2,11297.5,0.98,5,1,1397.63
1078,6105.36,6,7622.14,0.64,4,1,942.94
1079,2656.45,4,19445.95,0.42,8,0,0.0
1080,8125.96,4,6430.54,0.68,13,0,0.0
1081,6902.93,2,17616.5,0.21,6,1,2179.36
1082,1693.35,5,6599.99,0.9,18,0,0.0
1083,4146.42,5,16007.92,0.55,0,0,0.0
1084,7596.41,5,18929.88,0.5,10,1,2341.84
1085,8086.87,3,6249.13,0.63,1,1,773.09
1086,4518.83,7,2438.64,0.66,7,0,0.0
1087,5610.25,7,4143.37,0.16,11,1,512.58
1088,2273.58,5,15543.93,0.71,8,0,0.0
1089,8433.99,2,21386.71,0.32,3,1,2645.77
1090,2756.75,3,2079.92,0.74,11,1,257.31
1091,8071.92,7,18619.63,0.84,9,0,0.0
1092,5881.11,5,9191.65,0.82,10,1,1137.11
1093,5567.83,3,12484.68,0.6,9,0,0.0
1094,4857.35,2,23292.63,0.57,13,1,2881.56
1095,2749.26,5,8967.32,0.23,8,0,0.0
1096,2344.55,1,12168.09,0.8,3,1,1505.33
1097,2673.13,6,1328.38,0.34,9,1,164.34
1098,2418.63,2,2958.37,0.55,9,0,0.0
1099,6852.39,4,7206.2,0.36,9,1,891.49
1100,3642.19,4,1668.45,0.22,8,0,0.0
1101,1457.37,2,16153.01,0.67,10,1,1998.31
1102,8269.04,4,11233.56,0.15,6,1,1389.72
1103,7631.3,7,14155.48,0.77,1,0,0.0
1104,7959.95,2,5191.53,0.39,8,1,642.25
1105,8461.94,1,8102.37,0.1,3,1,1002.35
1106,2324.87,2,16931.79,0.56,7,0,0.0
1107,3986.91,5,24167.27,0.14,13,1,2989.76
1108,6692.83,5,2210.0,0.35,6,0,0.0
1109,6227.75,3,22369.22,0.74,12,0,0.0
1110,2175.37,4,14845.15,0.16,14,0,0.0
1111,7123.35,6,14534.07,0.86,6,1,1798.03
1112,2702.69,4,13006.68,0.1,7,1,1609.07
1113,2698.04,7,2665.46,0.32,0,0,0.0
1114,5038.88,2,3157.04,0.77,4,1,390.56
1115,5457.23,6,15421.89,0.38,1,0,0.0
1116,5361.14,6,9183.01,0.19,1,1,1136.04
1117,1708.86,4,23014.43,0.42,14,0,0.0
1118,7584.02,6,10758.17,0.34,0,0,0.0
1119,3010.36,6,4438.76,0.86,4,1,549.12
1120,1993.12,5,18153.25,0.38,1,0,0.0
1121,7668.39,1,8040.48,0.81,3,0,0.0
1122,8168.49,2,13611.29,0.9,2,1,1683.87
1123,7469.4,4,17747.99,0.49,2,0,0.0
1124,7076.13,5,22606.34,0.92,1,0,0.0
1125,5922.93,7,20012.59,0.44,12,1,2475.78
1126,5142.66,7,17232.67,0.97,5,0,0.0
1127,1675.23,3,17311.2,0.18,1,0,0.0
1128,4078.19,6,23702.19,0.72,13,0,0.0
1129,3810.85,6,8099.78,0.54,13,0,0.0
1130,2966.66,4,1026.69,0.45,7,0,0.0
1131,6432.57,1,7526.91,0.67,7,0,0.0
1132,4731.67,1,6229.39,0.73,12,0,0.0
1133,1630.82,4,16884.03,0.1,13,0,0.0
1134,2670.87,4,16209.08,0.25,11,1,2005.24
1135,6132.36,5,15243.07,0.74,4,0,0.0
1136,1594.08,7,1389.84,0.7,9,0,0.0
1137,7387.77,4,18490.67,0.97,6,1,2287.5
1138,4726.22,7,8764.73,0.78,3,0,0.0
1139,4617.38,3,16961.34,0.96,0,0,0.0
1140,5453.25,7,14357.88,0.73,10,0,0.0
1141,7189.49,5,9225.54,0.37,1,0,0.0
1142,3624.87,6,4229.83,0.19,9,0,0.0
1143,6093.17,6,3266.05,0.8,9,0,0.0
1144,5253.85,7,20956.44,0.68,3,1,2592.54
1145,3021.04,6,23041.54,0.14,0,1,2850.49
1146,7592.76,6,16594.91,0.42,14,1,2052.97
1147,6985.76,2,3482.42,0.96,12,1,430.81
1148,5946.93,3,10648.65,0.55,7,1,1317.36
1149,7383.1,5,18494.54,0.49,8,0,0.0
1150,7508.02,5,19715.7,0.51,3,0,0.0
1151,6320.01,6,3837.25,0.29,9,0,0.0
1152,7281.67,1,1000.74,0.43,2,0,0.0
1153,6238.6,5,18091.29,0.43,1,0,0.0
1154,6109.05,3,9558.31,0.15,4,1,1182.47
1155,5649.12,4,7107.55,0.79,13,1,879.28
1156,6651.56,3,1309.54,0.47,2,0,0.0
1157,2210.57,6,13967.19,0.84,41,3,1727.9
1158,7609.51,6,21427.62,0.87,6,0,0.0
1159,7542.03,2,23983.16,0.29,10,1,2966.98
1160,1243.62,7,14577.88,0.69,5,1,1803.45
1161,7197.98,5,13347.07,0.53,0,0,0.0
1162,1988.3,7,3041.35,0.89,49,4,376.25
1163,3530.01,7,14172.95,0.29,7,0,0.0
1164,6582.72,5,10119.5,0.71,1,1,1251.89
1165,2226.68,5,15571.25,0.65,4,1,1926.34
1166,7139.3,6,10329.43,0.37,8,0,0.0
1167,7245.2,5,6767.18,0.22,7,1,837.18
1168,4818.32,1,3279.17,0.69,1,1,405.67
1169,1072.73,1,8558.04,0.76,8,0,0.0
1170,3170.61,4,3319.48,0.38,4,1,410.66
1171,5636.53,5,5245.53,0.68,9,0,0.0
1172,8359.37,2,24696.07,0.46,13,1,3055.18
1173,5747.81,4,11658.49,0.74,5,0,0.0
1174,2967.03,6,13764.92,0.28,12,0,0.0
1175,5764.19,5,21966.84,0.9,2,1,2717.54
1176,5061.39,1,24893.65,0.36,12,1,3079.62
1177,6854.34,2,14985.15,0.43,2,0,0.0
1178,1824.68,4,20499.37,0.15,9,1,2536.0
1179,6713.68,2,8846.58,0.2,7,1,1094.42
1180,5070.97,5,8337.85,0.56,10,1,1031.48
1181,8223.37,3,10664.89,0.34,9,0,0.0
1182,3580.49,2,17140.17,0.85,9,0,0.0
1183,5753.85,2,17372.6,0.11,14,0,0.0
1184,7991.91,6,8565.75,0.44,11,1,1059.68
1185,1791.26,1,4197.04,0.4,1,1,519.22
1186,8030.78,5,16177.51,0.12,10,0,0.0
1187,6166.95,2,4079.82,0.21,11,0,0.0
1188,1532.08,5,14883.82,0.47,11,1,1841.29
1189,3274.7,1,17642.13,0.54,1,1,2182.53
1190,6318.59,6,17814.68,0.46,12,1,2203.87
1191,1528.45,5,19083.33,0.58,4,1,2360.82
1192,5376.72,7,21948.63,0.64,5,0,0.0
1193,3610.48,1,12999.02,0.11,11,1,1608.12
1194,5666.34,1,18525.98,0.52,1,1,2291.87
1195,1366.92,4,15860.15,0.97,44,2,1962.08
1196,7539.74,6,5479.36,0.57,4,0,0.0
1197,8301.83,6,1616.55,0.71,6,1,199.99
1198,8267.36,7,7828.99,0.38,9,0,0.0
1199,6628.65,5,11632.81,0.8,9,1,1439.11
1200,1997.39,3,15810.54,0.8,7,1,1955.94
1201,6693.02,7,21399.02,0.57,11,0,0.0
1202,1208.79,4,5709.9,0.98,22,0,0.0
1203,1190.37,6,4013.19,0.21,7,1,496.48
1204,3443.99,1,24123.52,0.12,13,0,0.0
1205,4677.61,6,3593.07,0.79,11,1,444.5
1206,6783.8,7,12483.79,0.83,8,1,1544.38
1207,6132.63,3,15053.53,0.21,14,1,1862.29
1208,4358.12,2,13992.99,0.34,4,0,0.0
1209,3070.36,2,3064.77,0.12,12,1,379.15
1210,8478.51,6,2368.65,0.36,4,1,293.03
1211,4210.71,6,3531.6,0.8,10,1,436.9
1212,4399.12,4,15054.1,0.57,9,0,0.0
1213,2248.09,6,14064.28,0.41,3,1,1739.91
1214,6966.2,3,6609.78,0.43,12,1,817.7
1215,6210.27,6,16306.58,0.1,8,1,2017.3
1216,2675.25,5,20681.62,0.37,4,0,0.0
1217,1640.8,7,1997.9,0.68,13,1,247.16
1218,6111.73,3,12955.12,0.98,1,1,1602.69
1219,5917.47,4,17543.45,0.86,14,0,0.0
1220,3067.61,5,7055.49,0.12,9,0,0.0
1221,8132.71,5,8386.5,0.91,7,1,1037.5
1222,2154.16,7,15727.31,0.8,14,1,1945.64
1223,4256.7,2,22550.45,0.8,6,1,2789.74
1224,8078.53,3,20438.19,0.51,7,0,0.0
1225,4162.46,7,14995.13,0.46,11,0,0.0
1226,5797.98,5,18525.32,0.37,2,1,2291.79
1227,3997.02,4,9755.74,0.16,14,0,0.0
1228,3074.76,7,16383.17,0.31,14,1,2026.78
1229,8380.23,2,12188.36,0.32,3,1,1507.84
1230,4084.77,5,5558.47,0.54,4,0,0.0
1231,7708.39,7,17841.72,0.77,5,1,2207.22
1232,2743.91,3,14355.15,0.53,0,0,0.0
1233,2617.96,2,9606.92,0.15,3,0,0.0
1234,1257.73,3,22872.14,0.96,51,2,2829.54
1235,5896.21,3,1502.42,0.95,11,0,0.0
1236,3779.73,3,8578.56,0.81,9,1,1061.26
1237,7486.08,7,2365.15,0.99,12,0,0.0
1238,4562.24,2,19396.66,0.59,4,1,2399.58
1239,8262.25,7,17850.58,0.97,6,1,2208.31
1240,2411.8,7,8952.45,0.17,12,1,1107.52
1241,7517.96,7,17215.91,0.43,4,0,0.0
1242,6830.06,5,10502.49,0.3,12,1,1299.27
1243,6787.64,6,19150.09,0.28,12,0,0.0
1244,7339.75,1,11900.41,0.23,0,0,0.0
1245,6713.65,5,10894.71,0.66,10,0,0.0
1246,5706.0,2,23433.52,0.8,6,0,0.0
1247,2006.06,1,7021.1,0.62,7,0,0.0
1248,1268.13,1,3890.74,0.23,12,1,481.33
1249,7908.34,1,15029.03,0.83,6,0,0.0
1250,5634.46,6,24263.72,0.67,10,1,3001.69
1251,6979.12,7,10068.14,0.45,13,1,1245.54
1252,4624.38,4,2488.88,0.71,12,0,0.0
1253,1901.88,2,9143.33,0.33,14,1,1131.13
1254,1960.76,6,13142.36,0.41,3,1,1625.86
1255,6149.6,6,4886.15,0.93,7,0,0.0
1256,4241.54,4,16794.45,0.36,14,1,2077.66
1257,2523.92,1,24945.99,0.52,4,0,0.0
1258,4699.67,7,11841.75,0.9,9,0,0.0
1259,1504.96,4,9513.49,0.74,8,0,0.0
1260,5375.24,4,10616.9,0.16,11,1,1313.43
1261,3035.73,6,3763.51,0.23,11,1,465.59
1262,6986.75,2,22198.57,0.11,9,1,2746.21
1263,3344.96,3,10955.82,0.67,4,1,1355.36
1264,4427.77,7,10294.59,0.5,0,0,0.0
1265,1111.86,4,16832.57,0.22,11,0,0.0
1266,1566.54,7,11608.8,0.96,24,1,1436.14
1267,3958.89,4,16557.6,0.58,11,0,0.0
1268,4612.54,1,2474.71,0.32,4,1,306.15
1269,5510.15,7,20529.36,0.55,5,0,0.0
1270,3205.18,1,23572.09,0.71,3,0,0.0
1271,6219.99,6,16570.37,0.17,5,0,0.0
1272,7454.41,1,23909.58,0.35,11,0,0.0
1273,6854.39,7,4634.38,0.83,7,0,0.0
1274,1321.15,5,12457.99,0.51,2,1,1541.19
1275,4616.79,7,15443.36,0.59,4,1,1910.51
1276,1809.35,4,14961.68,0.49,1,0,0.0
1277,2834.29,1,10635.08,0.14,13,1,1315.68
1278,8400.3,2,9114.03,0.25,1,0,0.0
1279,2090.15,5,4043.78,0.5,12,0,0.0
1280,4754.19,6,10401.82,0.29,6,0,0.0
1281,5645.71,3,4903.86,0.14,9,0,0.0
1282,6275.93,4,18624.78,0.86,12,1,2304.09
1283,5208.37,4,6011.94,0.98,9,0,0.0
1284,1098.04,2,2405.57,0.81,28,1,297.6
1285,3465.3,3,14256.79,0.87,10,0,0.0
1286,4894.89,3,15285.51,0.32,9,0,0.0
1287,1681.8,6,21925.91,0.96,26,1,2712.48
1288,3645.94,6,14847.56,0.28,3,0,0.0
1289,1273.19,5,9291.54,0.96,32,3,1149.47
1290,1612.37,4,20272.29,1.0,12,1,2507.91
1291,3992.0,1,13966.69,0.74,6,1,1727.83
1292,2017.05,6,2902.73,0.98,35,2,359.1
1293,5267.37,2,14580.41,0.61,8,0,0.0
1294,6178.75,2,22792.45,0.33,7,0,0.0
1295,7009.39,2,10511.5,0.49,4,1,1300.39
1296,2521.12,7,8111.82,0.63,2,1,1003.52
1297,2276.93,6,4443.27,0.17,9,0,0.0
1298,1806.64,6,4634.69,0.66,10,0,0.0
1299,5782.32,2,11386.52,0.98,8,1,1408.64
1300,6305.91,6,15296.32,0.27,14,1,1892.32
1301,1261.11,7,2934.77,0.81,35,2,363.06
1302,8023.19,1,23549.65,0.92,14,1,2913.35
1303,1413.49,1,19123.21,0.95,38,4,2365.75
1304,5071.19,5,15078.97,0.96,12,0,0.0
1305,6325.23,4,20882.53,0.57,2,0,0.0
1306,7535.49,1,2924.48,0.98,5,0,0.0
1307,6362.8,5,12444.13,0.78,2,1,1539.48
1308,7017.92,3,16122.24,0.25,9,0,0.0
1309,3562.39,4,20887.67,0.53,11,1,2584.04
1310,7115.82,1,19803.27,0.75,5,0,0.0
1311,1623.86,7,7649.66,0.32,3,0,0.0
1312,7713.75,3,23581.12,0.68,14,0,0.0
1313,5118.25,5,3984.3,0.7,1,1,492.9
1314,7134.3,1,22003.21,0.25,7,0,0.0
1315,4406.08,1,24302.57,0.61,3,1,3006.5
1316,5835.74,6,5251.68,0.79,8,1,649.69
1317,4959.86,3,18329.59,0.55,6,0,0.0
1318,6493.63,1,1966.85,0.11,11,1,243.32
1319,1635.18,2,10730.15,0.11,1,0,0.0
1320,1476.13,7,13390.8,0.42,3,1,1656.59
1321,2872.1,6,14935.49,0.93,4,0,0.0
1322,2217.6,6,23462.49,0.31,2,1,2902.57
1323,7541.58,1,17134.02,0.67,8,1,2119.67
1324,2663.62,7,12550.67,0.3,12,0,0.0
1325,8319.59,6,20432.2,0.39,4,0,0.0
1326,3543.3,4,23812.79,0.86,1,0,0.0
1327,2386.33,3,1529.59,0.76,10,0,0.0
1328,6928.0,4,24580.51,0.19,2,1,3040.88
1329,5948.84,5,3067.17,0.49,13,1,379.44
1330,4749.01,4,20545.28,0.13,14,1,2541.68
1331,5176.34,7,7728.03,0.53,8,1,956.04
1332,6401.03,2,4172.31,0.7,6,0,0.0
1333,2732.7,6,11556.54,0.21,1,1,1429.67
1334,8472.6,7,16454.96,0.36,8,0,0.0
1335,8311.58,6,10142.84,0.46,13,1,1254.78
1336,5886.18,2,2309.57,0.93,3,0,0.0
1337,2516.58,6,15387.07,0.99,12,0,0.0
1338,6109.71,4,22657.68,0.14,8,0,0.0
1339,1564.68,5,10197.17,0.78,14,0,0.0
1340,1254.13,1,6191.99,0.43,12,0,0.0
1341,2951.18,2,11621.86,0.45,1,1,1437.75
1342,4483.11,4,2160.71,0.78,14,0,0.0
1343,7515.34,7,20691.7,0.93,11,1,2559.79
1344,6460.59,4,20832.18,0.96,9,1,2577.17
1345,6576.73,4,15112.01,0.62,11,0,0.0
1346,4205.56,1,9474.47,0.42,3,1,1172.1
1347,3610.86,3,20194.8,0.81,4,1,2498.32
1348,3798.51,6,14312.49,0.33,1,1,1770.61
1349,8407.68,6,20822.38,0.61,9,0,0.0
1350,1324.82,7,16155.01,0.42,0,0,0.0
1351,7506.06,5,19825.73,0.69,6,0,0.0
1352,5350.6,7,15365.51,0.32,9,0,0.0
1353,4303.65,3,10939.39,0.27,0,1,1353.32
1354,6446.3,6,23990.7,0.93,10,1,2967.92
1355,4662.85,5,13986.73,0.19,10,1,1730.31
1356,7553.84,7,15522.15,0.56,7,1,1920.26
1357,7757.75,5,6291.7,0.3,2,1,778.35
1358,4177.36,4,16015.62,0.14,13,1,1981.31
1359,3094.29,2,14718.58,0.13,9,0,0.0
1360,5452.82,4,5436.12,0.26,5,1,672.51
1361,7844.92,1,2430.09,0.88,6,1,300.63
1362,2599.7,6,15504.62,0.35,9,1,1918.09
1363,5681.68,5,19328.61,0.96,0,0,0.0
1364,5745.91,7,13561.63,0.62,13,1,1677.72
1365,6505.02,2,6442.54,0.49,5,1,797.01
1366,2008.47,7,16996.53,0.62,6,0,0.0
1367,6375.79,6,2922.54,0.57,5,1,361.55
1368,7820.02,5,11604.01,0.78,3,0,0.0
1369,2368.13,5,4920.8,0.35,0,0,0.0
1370,2800.64,4,5427.02,0.42,10,1,671.38
1371,8286.18,2,5855.05,0.9,8,1,724.33
1372,2377.8,2,10280.97,0.95,23,0,0.0
1373,7411.53,6,2227.6,0.9,6,1,275.58
1374,4704.78,5,10547.04,0.48,6,1,1304.79
1375,2873.05,2,13280.98,0.8,1,0,0.0
1376,7533.86,2,12599.06,0.53,0,0,0.0
1377,4353.66,7,10186.82,0.55,7,1,1260.22
1378,4873.26,6,21139.52,0.28,7,0,0.0
1379,3710.27,4,4487.84,0.63,6,1,555.2
1380,5457.31,7,13136.72,0.27,13,1,1625.16
1381,2247.34,7,2488.99,0.4,14,1,307.92
1382,3948.33,3,2707.74,0.87,14,1,334.98
1383,8271.36,1,14772.78,0.29,14,0,0.0
1384,2954.55,3,14584.44,0.16,14,1,1804.26
1385,5934.11,2,22072.8,0.16,7,0,0.0
1386,3455.8,5,14388.97,0.95,2,1,1780.08
1387,6806.71,1,24034.98,0.56,10,1,2973.39
1388,2003.28,1,2168.68,0.47,1,0,0.0
1389,8274.41,5,3352.18,0.83,6,1,414.7
1390,4417.08,1,2057.58,0.85,7,0,0.0
1391,2789.48,5,5446.64,0.4,0,0,0.0
1392,1574.39,1,13990.48,0.72,11,1,1730.78
1393,2293.94,7,16493.73,0.79,9,1,2040.46
1394,4910.31,6,2094.04,0.69,8,1,259.06
1395,3544.1,6,23703.3,0.24,14,1,2932.36
1396,7220.9,3,21211.97,0.89,12,0,0.0
1397,4245.88,7,8118.7,0.59,14,1,1004.37
1398,2884.14,1,2852.5,0.35,10,1,352.89
1399,5638.16,4,5077.29,0.48,3,1,628.12
1400,6308.16,5,4046.67,0.13,13,1,500.62
1401,2273.64,7,3958.81,0.22,11,1,489.75
1402,2277.95,1,13445.48,0.79,13,0,0.0
1403,1299.12,6,6900.34,0.1,3,1,853.65
1404,6529.61,6,9595.35,0.47,2,0,0.0
1405,5986.94,5,24748.13,0.57,5,1,3061.62
1406,4572.87,4,17423.54,0.15,0,1,2155.49
1407,7335.17,1,23775.54,0.98,5,1,2941.3
1408,7047.38,1,4421.36,0.3,1,0,0.0
1409,5400.52,4,10171.35,0.37,8,1,1258.31
1410,7515.33,4,14313.56,0.37,1,0,0.0
1411,2563.66,4,2842.19,0.31,6,0,0.0
1412,1861.6,6,1100.5,0.1,11,1,136.14
1413,3041.38,5,17090.42,0.76,0,0,0.0
1414,1451.72,7,16403.67,0.97,22,1,2029.32
1415,4995.49,4,10858.93,0.3,6,1,1343.37
1416,8026.13,5,12751.46,0.7,4,0,0.0
1417,1319.09,3,10970.63,0.77,7,1,1357.19
1418,1937.77,1,1576.12,0.86,30,1,194.98
1419,4405.19,1,9048.92,0.48,14,0,0.0
1420,8005.72,2,5249.97,0.37,11,0,0.0
1421,3388.27,3,3362.18,0.39,14,0,0.0
1422,4816.58,7,23961.29,0.74,9,0,0.0
1423,1335.76,4,15384.63,0.84,20,0,0.0
1424,2133.87,4,18487.75,0.26,5,0,0.0
1425,8400.06,7,8568.73,0.43,4,1,1060.05
1426,8239.26,6,10435.53,0.91,3,0,0.0
1427,1061.93,3,6686.18,0.83,37,2,827.15
1428,8139.79,4,3327.18,0.99,6,1,411.61
1429,5802.42,2,5296.76,0.78,11,1,655.27
1430,7512.69,5,20140.34,0.45,4,0,0.0
1431,4424.18,1,17261.1,0.63,4,0,0.0
1432,4879.08,3,14126.29,0.69,14,1,1747.58
1433,4679.13,1,12402.16,0.17,0,0,0.0
1434,6009.81,5,23138.42,0.59,1,0,0.0
1435,2068.89,3,2745.64,0.74,4,1,339.67
1436,1249.05,5,7734.42,0.25,12,0,0.0
1437,3326.78,4,9398.51,0.8,2,1,1162.7
1438,6292.49,7,19778.22,0.63,13,0,0.0
1439,2533.85,4,24820.35,0.96,12,1,3070.55
1440,6058.91,7,6776.09,0.14,1,1,838.28
1441,8275.09,4,21983.38,0.34,13,1,2719.59
1442,1726.91,5,20934.95,0.64,13,0,0.0
1443,6052.7,5,6391.78,0.37,3,1,790.73
1444,4342.03,5,10583.98,0.74,3,0,0.0
1445,7514.36,1,10832.15,0.78,3,1,1340.06
1446,2349.19,5,24477.3,0.19,3,1,3028.11
1447,6202.38,4,5341.41,0.56,2,1,660.79
1448,7289.91,2,20179.79,0.56,12,0,0.0
1449,8085.99,5,9020.63,0.43,11,0,0.0
1450,6132.28,2,18540.89,0.94,6,1,2293.71
1451,4741.38,7,11080.26,0.84,8,0,0.0
1452,5643.41,4,14880.63,0.73,11,0,0.0
1453,7520.06,5,20982.68,0.74,4,0,0.0
1454,5290.31,1,20299.97,0.52,3,1,2511.33
1455,1252.14,1,21794.16,0.93,34,3,2696.18
1456,7983.84,7,2430.82,0.73,1,1,300.72
1457,6179.21,2,17609.21,0.76,1,1,2178.45
1458,6081.94,6,4359.7,0.88,4,1,539.34
1459,2637.17,1,10979.65,0.35,6,0,0.0
1460,5950.17,1,14166.12,0.83,9,1,1752.51
1461,3969.14,1,10665.75,0.28,9,0,0.0
1462,5892.97,4,13470.68,0.41,8,0,0.0
1463,1821.78,1,24916.63,0.4,12,1,3082.46
1464,5942.39,3,4245.22,0.98,6,1,525.18
1465,8495.62,5,17210.95,0.87,4,1,2129.19
1466,1385.38,7,10504.02,0.73,9,0,0.0
1467,8329.38,1,4192.24,0.75,9,0,0.0
1468,4066.64,6,4809.68,0.61,9,1,595.01
1469,7533.88,6,23782.55,0.95,5,1,2942.17
1470,6873.33,1,22110.44,0.55,10,0,0.0
1471,5263.45,1,22769.01,0.44,11,0,0.0
1472,6544.91,3,24796.79,0.25,2,1,3067.64
1473,7591.9,1,5999.57,0.81,4,0,0.0
1474,4045.95,1,9530.54,0.76,7,0,0.0
1475,3469.57,5,17061.26,0.45,0,0,0.0
1476,6015.26,6,12611.26,0.12,11,0,0.0
1477,7063.65,3,11041.35,0.86,0,0,0.0
1478,6723.08,6,9587.47,0.11,6,0,0.0
1479,6988.66,3,15250.74,0.73,13,1,1886.69
1480,4280.99,6,14814.24,0.97,4,0,0.0
1481,7138.31,1,4874.99,0.49,13,1,603.09
1482,1923.56,6,12321.76,0.31,4,1,1524.34
1483,5095.06,6,14283.32,0.73,0,0,0.0
1484,1068.05,3,14686.89,0.84,27,1,1816.93
1485,3451.28,7,6042.57,0.59,0,1,747.53
1486,3764.3,2,18814.51,0.97,4,1,2327.56
1487,3986.39,3,1604.78,0.15,9,0,0.0
1488,6223.62,3,9515.96,0.55,8,1,1177.23
1489,3929.47,3,19725.1,0.75,13,0,0.0
1490,4378.98,4,14533.43,0.88,14,1,1797.95
1491,2800.64,7,7267.9,0.26,3,1,899.12
1492,3815.06,4,17678.87,0.82,12,1,2187.07
1493,2723.84,4,14617.38,0.6,7,1,1808.33
1494,1572.14,3,20109.85,0.46,5,0,0.0
1495,5535.78,2,18640.6,0.22,10,1,2306.05
1496,6019.89,3,15642.59,0.88,14,1,1935.16
1497,5655.69,1,12716.26,0.24,2,0,0.0
1498,4489.62,2,4196.37,0.38,3,0,0.0
1499,3863.9,4,7271.99,0.36,1,0,0.0
1500,7478.42,6,11058.39,0.88,0,1,1368.05
